url_friendly_name,brand_name
100%-pure,100% Pure
3rd-rock-essentials,3rd Rock Essentials
a-perfume-organic,A Perfume Organic
abba,Abba
acure,Acure
adorn-cosmetics,Adorn Cosmetics
aesop,Aesop
afterglow-cosmetics,Afterglow Cosmetics
ag-hair,AG Hair
alba-botanica,Alba Botanica
alima-pure,Alima Pure
amika,Amika
anastasia-beverly-hills,Anastasia Beverly Hills
andalou-naturals,Andalou Naturals
annabelle,Annabelle
antonym,Antonym
arctic-fox,Arctic Fox
ardell,Ardell
ardency-inn,Ardency Inn
aromi,Aromi
arquiste,Arquiste
astonish,Astonish
attitude,Attitude
au-naturale,Au Naturale
aubrey-organics,Aubrey Organics
auromere,Auromere
australis,Australis
avalon-organics,Avalon Organics
aveda,Aveda
axiology,Axiology
babo-botanicals,Babo Botanicals
badger,Badger
balm-balm,Balm Balm
bareminerals,bareMinerals
barry-m,Barry M
beauty-without-cruelty,Beauty Without Cruelty
beautyblender,Beautyblender
becca,Becca
bellapierre,Bellapierre
benecos,Benecos
besame,Besame
bh-cosmetics,BH Cosmetics
bite-beauty,Bite Beauty
black-radiance,Black Radiance
blinc,Blinc
blissoma,Blissoma
booda-organics,Booda Organics
briogeo,Briogeo
bulldog,Bulldog
bumble-and-bumble,Bumble and Bumble
butter-london,Butter London
buxom,Buxom
c.o.-bigelow,C.O. Bigelow
cailyn-cosmetics,Cailyn Cosmetics
captain-blankenship,Captain Blankenship
cargo,Cargo
carol's-daughter,Carol's Daughter
caswell-massey,Caswell-Massey
cate-mcnabb,Cate McNabb
catrice,Catrice
chantecaille,Chantecaille
charlotte-tilbury,Charlotte Tilbury
china-glaze,China Glaze
christophe-robin,Christophe Robin
ciaté,Ciaté
cleanwell,Cleanwell
coloured-raine,Coloured Raine
colourpop,Colourpop
commodity,Commodity
concrete-minerals,Concrete Minerals
coola,Coola
cover-fx,Cover FX
covergirl,Covergirl
crazy-rumors,Crazy Rumors
crystal,Crystal
d.-s.-&-durga,D. S. & Durga
das-boom,Das Boom
davids,Davids
de-mamiel,De Mamiel
deborah-lippmann,Deborah Lippmann
deck-of-scarlet,Deck of Scarlet
deco-miami,Deco Miami
deep-steep,Deep Steep
demes,Demes
derma-e,Derma E
dermadoctor,DERMAdoctor
dermalogica,Dermalogica
dermorganic,DermOrganic
desert-essence,Desert Essence
devacurl,DevaCurl
devita,DeVita
dose-of-colors,Dose Of Colors
dphue,dpHUE
dr.-alkaitis,Dr. Alkaitis
dr.-bronner's,Dr. Bronner's
dr.-dennis-gross,Dr. Dennis Gross
dr.-hauschka,Dr. Hauschka
drybar,Drybar
duwop,DuWop
earth-friendly-products-/-ecos,Earth Friendly Products / ECOS
earth-tu-face,Earth Tu Face
earth's-beauty,Earth's Beauty
ecco-bella,Ecco Bella
ecocolors,EcoColors
ecotools,EcoTools
edward-bess,Edward Bess
elate,Elate
elf,elf
elixery,Elixery
ella-+-mila,Ella + Mila
ellis-faas,Ellis Faas
ellovi,Ellovi
emani,Emani
eo-products,EO Products
epic-blend,Epic Blend
ere-perez,Ere Perez
essence,Essence
everyday-minerals,Everyday Minerals
evolvh,EVOLVh
eyeko,Eyeko
face-atelier,Face Atelier
fairy-girl,Fairy Girl
fiona-stiles,Fiona Stiles
fior-minerals,Fior Minerals
first-aid-beauty,First Aid Beauty
fitglow,Fitglow
flower,Flower
forager-botanicals,Forager Botanicals
formulary-55,Formulary 55
fortune-cookie-soap,Fortune Cookie Soap
french-girl,French Girl
furless,Furless
gabriel-cosmetics,Gabriel Cosmetics
gerard-cosmetics,Gerard Cosmetics
giovanni,Giovanni
girlactik,Girlactik
glo-skin-beauty,Glo Skin Beauty
gloss-moderne,Gloss Moderne
glossier,Glossier
gosh,GOSH
graydon,Graydon
gressa,Gressa
habit,Habit
habit,Habit
han,HAN
hana-organic-skincare,Hana Organic Skincare
hard-candy,Hard Candy
harvey-prince-organics,Harvey Prince Organics
hask,Hask
hello-products,Hello Products
hempz,Hempz
herbatint,Herbatint
herbivore-botanicals,Herbivore Botanicals
honore-des-pres,Honore Des Pres
hourglass,Hourglass
house-of-lashes,House of Lashes
hugo-naturals,Hugo Naturals
hurraw!,Hurraw!
hush-+-dotti,Hush + Dotti
hynt-beauty,Hynt Beauty
i-am-selfcare,I Am Selfcare
igk,IGK
iles-formula,Iles Formula
ilia,ILIA
illamasqua,Illamasqua
indie-lee,Indie Lee
inika,Inika
it-cosmetics,IT Cosmetics
it's-a-10,It's A 10
j.r.-watkins,J.R. Watkins
jack-black,Jack Black
jane,Jane
jane-iredale,Jane Iredale
japonesque,Japonesque
jason,JASON
jeffree-star,Jeffree Star
jinsoon,JINsoon
john-masters-organics,John Masters Organics
jordana,Jordana
josh-rosebrook,Josh Rosebrook
josie-maran,Josie Maran
jouer,Jouer
juice-beauty,Juice Beauty
julep,Julep
kahina-giving-beauty,Kahina Giving Beauty
kaia-naturals,Kaia Naturals
kat-von-d,Kat Von D
kate-somerville,Kate Somerville
kenra,Kenra
kester-black,Kester Black
kevin-murphy,Kevin Murphy
kiko,Kiko
kirkland-signature,Kirkland Signature
kiss-my-face,Kiss My Face
kjaer-weis,Kjaer Weis
koh-gen-do,Koh Gen Do
kopari-beauty,Kopari Beauty
kora-organics,Kora Organics
kryolan,Kryolan
kylie-cosmetics,Kylie Cosmetics
kypris,Kypris
la-girl,LA Girl
lather,Lather
laura-geller,Laura Geller
lauren-b.-beauty,Lauren B. Beauty
lavanila,Lavanila
le-couvent-des-minimes,Le Couvent Des Minimes
le-labo,Le Labo
level-naturals,Level Naturals
lily-lolo,Lily Lolo
lina-hanson,Lina Hanson
lit-cosmetics,Lit Cosmetics
live-clean,Live Clean
liz-earle,Liz Earle
lotus-wei,Lotus Wei
lulu-organics,Lulu Organics
lunar-beauty,Lunar Beauty
lurk,Lurk
lush,LUSH
lvx,LVX
mad-hippie,Mad Hippie
madison-reed,Madison Reed
mahalo,MAHALO
makeup-geek,Makeup Geek
manic-panic,Manic Panic
marc-jacobs-beauty,Marc Jacobs Beauty
marcelle,Marcelle
marks-&-spencer,Marks & Spencer
marula,Marula
may-lindstrom,May Lindstrom
mehron,Mehron
melt-cosmetics,Melt Cosmetics
meow-meow-tweet,Meow Meow Tweet
merle-norman,Merle Norman
method,Method
milani,Milani
milk-makeup,Milk Makeup
mineral-fusion,Mineral Fusion
molly's-suds,Molly's Suds
molton-brown,Molton Brown
moroccanoil,Moroccanoil
morphe,Morphe
mukti,Mukti
mulondon,MuLondon
mun,MUN
murad,Murad
mv-organic-skincare,MV Organic Skincare
my-daughter-fragrances,My Daughter Fragrances
my-konjac-sponge,My Konjac Sponge
nabla-cosmetics,Nabla Cosmetics
nad's,Nad's
nanshy,Nanshy
natasha-denona,Natasha Denona
natura,Natura
nature-clean,Nature Clean
nature's-gate,Nature's Gate
ncla,NCLA
nellie's,Nellie's
nip-+-fab,Nip + Fab
nourish-organic,Nourish Organic
nubian-heritage,Nubian Heritage
nude-skincare,Nude Skincare
nyl,nyl
nyx,NYX
obsessive-compulsive-cosmetics,Obsessive Compulsive Cosmetics
odacite,Odacite
odylique,Odylique
ofra-cosmetics,OFRA Cosmetics
ole-henriksen,Ole Henriksen
omorovicza,Omorovicza
one-love-organics,One Love Organics
oribe,Oribe
orly,Orly
osea-malibu,OSEA Malibu
ouai,Ouai
ouidad,Ouidad
out-of-africa,Out of Africa
oz-naturals,OZ Naturals
pacifica,Pacifica
pai,Pai
painted-earth,Painted Earth
pangea-organics,Pangea Organics
paul-mitchell,Paul Mitchell
paula's-choice,Paula's Choice
penhaligon's,Penhaligon's
perfekt,Perfekt
phlur,Phlur
physicians-formula,Physicians Formula
pinrose,Pinrose
piperwai,PiperWai
pixi,Pixi
pour-le-monde,Pour Le Monde
pravana,Pravana
primal-pit-paste,Primal Pit Paste
priti-nyc,Priti NYC
province-apothecary,Province Apothecary
pur-cosmetics,PUR Cosmetics
puracy,Puracy
pure-anada,Pure Anada
queen-helene,Queen Helene
radical-skincare,Radical Skincare
rahua,Rahua
rare-elements,Rare Elements
rcma,RCMA
real-simple-clean,Real Simple Clean
real-techniques,Real Techniques
red-apple-lipstick,Red Apple Lipstick
ren,REN
renee-rouleau,Renee Rouleau
reverie,Reverie
reverie,Reverie
rita-hazan,Rita Hazan
rituel-de-fille,Rituel De Fille
rodial,Rodial
root-science,Root Science
rouge-bunny-rouge,Rouge Bunny Rouge
s.w.-basics,S.W. Basics
saavy-naturals,Saavy Naturals
sachajuan,Sachajuan
samana-naturals,Samana Naturals
sappho,Sappho
saranghae,Saranghae
schmidt's-naturals,Schmidt's Naturals
scotch-naturals,Scotch Naturals
seche,Seche
seventh-generation,Seventh Generation
shea-moisture,Shea Moisture
sibu,Sibu
silk-naturals,Silk Naturals
skinny-&-co,Skinny & Co
skyn-iceland,skyn ICELAND
smashbox,Smashbox
smith-&-cult,Smith & Cult
soapwalla,Soapwalla
sol-de-janeiro,Sol de Janeiro
sonia-kashuk,Sonia Kashuk
sparitual,SpaRitual
stargazer,Stargazer
stila,Stila
strange-invisible,Strange Invisible
sugar-venom,Sugar Venom
sugarpill,Sugarpill
suki,Suki
sukin,Sukin
sunday-riley,Sunday Riley
suntegrity,Suntegrity
superdrug,Superdrug
supergoop!,Supergoop!
suva-beauty,Suva Beauty
tarte,Tarte
tata-harper,Tata Harper
tatcha,TATCHA
terra-nova,Terra Nova
the-7-virtues,The 7 Virtues
the-beauty-chef,The Beauty Chef
the-body-shop,The Body Shop
the-gnarly-whale,The Gnarly Whale
the-ordinary,The Ordinary
the-seaweed-bath-co.,The Seaweed Bath Co.
thebalm,theBalm
thesis,Thesis
thrive-causemetics,Thrive Causemetics
to112,TO112
tom's-of-maine,Tom's of Maine
too-faced,Too Faced
trader-joe's,Trader Joe's
tree-hut,Tree Hut
trish-mcevoy,Trish McEvoy
trufora,Trufora
trust-fund-beauty,Trust Fund Beauty
tsi-la,Tsi-La
umberto-giannini,Umberto Giannini
urban-decay,Urban Decay
ursa-major,Ursa Major
vapour-organic-beauty,Vapour Organic Beauty
velvet-report,Velvet Report
verb,Verb
vered-organic-botanicals,Vered Organic Botanicals
vernon-francois,Vernon Francois
vintner's-daughter,Vintner's Daughter
w3ll-people,W3ll People
wander-beauty,Wander Beauty
wen-by-chaz-dean,WEN by Chaz Dean
wet-n-wild,Wet n Wild
whish,Whish
whole-foods-(365),Whole Foods (365)
wunderbrow,Wunderbrow
yarok,Yarok
yes-to,Yes To
youngblood,Youngblood
youth-to-the-people,Youth To The People
zoeva,Zoeva
zoya,Zoya
zuii-organic,Zuii Organic
zuzu-luxe,ZuZu Luxe
